{
  "lighton": {
    "sounds": [
      "on1"
    ],
    "category": "player"
  },
  "hum1": {
    "sounds": [
      "hum1"
    ],
    "category": "player"
  },
  "gar": {
    "sounds": [
      "gar"
    ],
    "category": "player"
  },
  "gilding": {
    "sounds": [
      "gilding"
    ],
    "category": "player"
  },
  "capeon": {
    "sounds": [
      "capeon"
    ],
    "category": "player"
  },
  "ssjon": {
    "sounds": [
      "ssjon1"
    ],
    "category": "player"
  },
  "baneoff": {
    "sounds": [
      "baneoff"
    ],
    "category": "player"
  },
  "lightoff": {
    "sounds": [
      "ligoff1",
      "ligoff2",
      "ligoff3"
    ],
    "category": "player"
  },
  "grab": {
    "sounds": [
      "grab1",
      "grab2",
      "grab3"
    ],
    "category": "player"
  },
  "grito": {
    "sounds": [
      "grito1",
      "grito2",
      "grito5",
      "grito3"
    ],
    "category": "player"
  },
  "block": {
    "sounds": [
      "block1",
      "block2",
      "block3",
      "block4",
      "block5",
      "block6",
      "block7",
      "block8"
    ],
    "category": "player"
  },
  "bum": {
    "sounds": [
      "bum1",
      "bum2",
      "bum3",
      "bum4",
      "bum5",
      "bum6"
    ],
    "category": "player"
  },
  "hit": {
    "sounds": [
      "hit1",
      "hit2",
      "hit3",
      "hit4",
      "hit5",
      "hit6",
      "hit7",
      "hit8",
      "hit9",
      "hit10"
    ],
    "category": "player"
  },
  "weap": {
    "sounds": [
      "weap1",
      "weap2"
    ],
    "category": "player"
  },
  "jump": {
    "sounds": [
      "jump1",
      "jump2"
    ],
    "category": "player"
  },
  "injusticejump": {
    "sounds": [
      "jump1",
      "jump2",
      "injusticejump1"
    ],
    "category": "player"
  },
  "shazamon": {
    "sounds": [
      "shazamon1"
    ],
    "category": "player"
  },
  "raidenon": {
    "sounds": [
      "raidenon1",
      "raidenon2",
      "raidenon3",
      "raidenon4",
      "raidenon5",
      "raidenon6",
      "raidenon7",
      "raidenon8",
      "raidenon9"
    ],
    "category": "player"
  },
  "raidenoff": {
    "sounds": [
      "raidenoff1"
    ],
    "category": "player"
  },
  "coldbreathh": {
    "sounds": [
      "coldbreath"
    ],
    "category": "player"
  },
  "heatvisionn": {
    "sounds": [
      "heatvision"
    ],
    "category": "player"
  },
  "baton": {
    "sounds": [
      "baton"
    ],
    "category": "player"
  },
  "batona": {
    "sounds": [
      "baton1",
      "baton2",
      "baton4",
      "baton5",
      "baton6",
      "baton7",
      "baton8",
      "baton9",
      "baton10",
      "baton13",
      "baton14",
      "baton15",
      "baton16"
    ],
    "category": "player"
  },
  "batoff": {
    "sounds": [
      "batoff"
    ],
    "category": "player"
  },
  "ringonn": {
    "sounds": [
      "ringon1",
      "ringon2",
      "ringon3",
      "ringon4",
      "ringon5",
      "ringon6",
      "ringon7",
      "ringon8",
      "ringon9",
      "ringon10",
      "ringon11",
      "ringon12",
      "ringon13"
    ],
    "category": "player"
  },
  "ringofff": {
    "sounds": [
      "ringoff1",
      "ringoff2",
      "ringoff3",
      "ringoff4",
      "ringoff5",
      "ringoff6",
      "ringoff7"
    ],
    "category": "player"
  },
  "punch": {
    "sounds": [
      "p1",
      "p2",
      "p3",
      "p4",
      "p5",
      "p6"
    ],
    "category": "player"
  },
  "yringonn": {
    "sounds": [
      "ringon111",
      "ringon2",
      "ringon3",
      "ringon4",
      "ringon55",
      "ringon66",
      "ringon77",
      "ringon8",
      "ringon99",
      "ringon10",
      "ringon11",
      "ringon12",
      "ringon13"
    ],
    "category": "player"
  },
  "yringofff": {
    "sounds": [
      "ringoff11",
      "ringoff22",
      "ringoff3",
      "ringoff44",
      "ringoff55",
      "ringoff6",
      "ringoff7"
    ],
    "category": "player"
  }
}